<?xml version="1.0" encoding="UTF-8" ?>
<oval_definitions xmlns="http://oval.mitre.org/XMLSchema/oval-definitions-5" xmlns:oval="http://oval.mitre.org/XMLSchema/oval-common-5"  xmlns:xsi="http://www.w3.org/2001/XMLSchema-instance" xsi:schemaLocation="http://oval.mitre.org/XMLSchema/oval-definitions-5#windows windows-definitions-schema.xsd http://oval.mitre.org/XMLSchema/oval-definitions-5 oval-definitions-schema.xsd http://oval.mitre.org/XMLSchema/oval-common-5 oval-common-schema.xsd">
<generator>
  <oval:product_name>MyOvals</oval:product_name> 
  <oval:schema_version>5.8</oval:schema_version> 
  <oval:timestamp>2015-10-15T15:37:22.000-05:00</oval:timestamp> 
</generator>
  <definitions>
    <definition id="oval:example.yyx:def:1" version="1" class="compliance">
      <metadata>
        <title>LmHashCheck</title>
        <description>
	This definition is used to check the Lmhash is closed.
        </description>
      </metadata>
    <criteria>
    <criterion test_ref="oval:example.yyx:tst:1" comment="the value of the registry key equals 1"/>
     </criteria>
    </definition>

    <definition id="oval:example.yyx:def:2" version="1" class="compliance">
      <metadata>
        <title>RegVersionCheck</title>
        <description>
	This definition is used to check the version of regedit.exe
        </description>
      </metadata>
    <criteria>
    <criterion test_ref="oval:example.yyx:tst:2" comment="check the regedit version"/>
     </criteria>
    </definition>

    <definition id="oval:example.yyx:def:3" version="1" class="compliance">
      <metadata>
        <title>Print Spooler Check</title>
        <description>
	This definition is used to check whether the print spooler service is automatic
        </description>
      </metadata>
    <criteria>
    <criterion test_ref="oval:example.yyx:tst:3" comment="check print spooler service"/>
     </criteria>
    </definition>
  </definitions>
  <tests>
    <registry_test comment="Check LM Store" version="1" xmlns="http://oval.mitre.org/XMLSchema/oval-definitions-5#windows" id="oval:example.yyx:tst:1" check="all">
        <object object_ref="oval:example.yyx:obj:1"/>
        <state state_ref="oval:example.yyx:ste:1"/>
    </registry_test>
    <file_test xmlns="http://oval.mitre.org/XMLSchema/oval-definitions-5#windows" id="oval:example.yyx:tst:2" version="2" comment="the version of regedit.exe is greater than or equal 4.0" check_existence="at_least_one_exists" check="at least one">
        <object object_ref="oval:example.yyx:obj:2"/>
        <state state_ref="oval:example.yyx:ste:2"/>
    </file_test>
    <registry_test comment="check print spooler service" version="1" xmlns="http://oval.mitre.org/XMLSchema/oval-definitions-5#windows" id="oval:example.yyx:tst:3" check="all">
        <object object_ref="oval:example.yyx:obj:3"/>
        <state state_ref="oval:example.yyx:ste:3"/>
    </registry_test>
    
  </tests>

  <objects>
    <registry_object xmlns="http://oval.mitre.org/XMLSchema/oval-definitions-5#windows" id="oval:example.yyx:obj:1" version="1" comment="check LMhash">
        <hive>HKEY_LOCAL_MACHINE</hive>
        <key>SYSTEM\CurrentControlSet\Control\Lsa</key>
        <name>NoLmHash</name>
     </registry_object>
    <file_object xmlns="http://oval.mitre.org/XMLSchema/oval-definitions-5#windows" id="oval:example.yyx:obj:2" version="1" comment="check regedit.exe version">
        <path operation="equals">C:\Windows</path>
        <filename>regedit.exe</filename>
    </file_object>
    <registry_object xmlns="http://oval.mitre.org/XMLSchema/oval-definitions-5#windows" id="oval:example.yyx:obj:3" version="1" comment="check print spooler service">
        <hive>HKEY_LOCAL_MACHINE</hive>
        <key>SYSTEM\CurrentControlSet\services\Spooler</key>
        <name>start</name>
     </registry_object>
  </objects>

  <states>
    <registry_state xmlns="http://oval.mitre.org/XMLSchema/oval-definitions-5#windows" id="oval:example.yyx:ste:1" version="1" comment="check LMhash">
       <value>1</value>
    </registry_state>
    <file_state xmlns="http://oval.mitre.org/XMLSchema/oval-definitions-5#windows" id="oval:example.yyx:ste:2" version="1" comment="check regedit.exe version">
       <version datatype="version" operation="greater than">4.0</version>
    </file_state>
    <registry_state xmlns="http://oval.mitre.org/XMLSchema/oval-definitions-5#windows" id="oval:example.yyx:ste:3" version="1" comment="check print spooler service">
       <value>2</value>
    </registry_state>
  </states>

  </oval_definitions>
